<?xml version="1.0" encoding="UTF-8" ?>
<!DOCTYPE configuration
        PUBLIC "-//mybatis.org//DTD Config 3.0//EN"
        "http://mybatis.org/dtd/mybatis-3-config.dtd">
<!--测试时使用-->
<!--
<configuration>
    <typeAliases>
        <package name="com.milotnt.pojo"/>
    </typeAliases>

    <environments default="development">
        <environment id="development">
            <transactionManager type="JDBC"/>
            <dataSource type="POOLED">
                <property name="driver" value="com.mysql.cj.jdbc.Driver"/>
                <property name="url" value="jdbc:mysql://localhost:3306/gym_management_system"/>
                <property name="username" value="root"/>
                <property name="password" value="wang65zi"/>
            </dataSource>
        </environment>
    </environments>

    <mappers>
        <package name="mybatis.mapper"/>
    </mappers>

    <settings>
        <setting name="mapUnderscoreToCamelCase" value="true"/>
    </settings>

</configuration>-->
