[
    {
        "id": 1,
        "category": "Cereais e derivados"
    },
    {
        "id": 2,
        "category": "Verduras, hortaliças e derivados"
    },
    {
        "id": 3,
        "category": "Frutas e derivados"
    },
    {
        "id": 4,
        "category": "Gorduras e óleos"
    },
    {
        "id": 5,
        "category": "Pescados e frutos do mar"
    },
    {
        "id": 6,
        "category": "Carnes e derivados"
    },
    {
        "id": 7,
        "category": "Leite e derivados"
    },
    {
        "id": 8,
        "category": "Bebidas (alcoólicas e não alcoólicas)"
    },
    {
        "id": 9,
        "category": "Ovos e derivados"
    },
    {
        "id": 10,
        "category": "Produtos açucarados"
    },
    {
        "id": 11,
        "category": "Miscelâneas"
    },
    {
        "id": 12,
        "category": "Outros alimentos industrializados"
    },
    {
        "id": 13,
        "category": "Alimentos preparados"
    },
    {
        "id": 14,
        "category": "Leguminosas e derivados"
    },
    {
        "id": 15,
        "category": "Nozes e sementes"
    }
]
